Time (ms),Device,Action,Details
1714302799382,Keyboard,Press,Key: w
1714302799458,Keyboard,Release,Key: w
1714302799776,Keyboard,Press,Key: a
1714302800003,Keyboard,Press,Key: d
1714302800020,Keyboard,Release,Key: a
1714302800053,Keyboard,Press,Key: w
1714302800088,Keyboard,Release,Key: d
1714302800213,Keyboard,Release,Key: w
1714302800733,Keyboard,Press,Key: s
1714302800817,Keyboard,Release,Key: s
1714302860846,Keyboard,Press,Key: space
1714302860897,Keyboard,Release,Key: space
1714302861500,Keyboard,Press,Key: space
1714302861567,Keyboard,Release,Key: space
1714302862272,Keyboard,Press,Key: space
1714302862358,Keyboard,Release,Key: space
1714302930149,Keyboard,Press,Key: w
1714302930274,Keyboard,Release,Key: w
1714302933443,Keyboard,Press,Key: m
1714302933502,Keyboard,Release,Key: m
1714302938293,Keyboard,Press,Key: esc
1714302938358,Keyboard,Release,Key: esc
1714302939531,Keyboard,Press,Key: esc
1714302939572,Keyboard,Release,Key: esc
1714302944403,Keyboard,Press,Key: ctrl
1714302944421,Keyboard,Press,Key: shift
1714302944847,Keyboard,Press,Key: Z
1714302944957,Keyboard,Release,Key: Z
1714302945703,Keyboard,Release,Key: ctrl
1714302945704,Keyboard,Release,Key: shift
1714302946116,Keyboard,Press,Key: ctrl
1714302946117,Keyboard,Press,Key: shift
1714302946753,Keyboard,Press,Key: Y
1714302946851,Keyboard,Release,Key: Y
1714302947103,Keyboard,Release,Key: shift
1714302947120,Keyboard,Release,Key: ctrl
1714302948009,Keyboard,Press,Key: alt
1714302948134,Keyboard,Press,Key: z
1714302948253,Keyboard,Release,Key: z
1714302948277,Keyboard,Release,Key: alt
1714302956881,Keyboard,Press,Key: d
1714302956956,Keyboard,Press,Key: w
1714302957308,Keyboard,Release,Key: d
1714302958105,Keyboard,Press,Key: d
1714302958407,Keyboard,Release,Key: d
1714302958818,Keyboard,Press,Key: d
1714302958960,Keyboard,Release,Key: d
1714302959187,Keyboard,Press,Key: a
1714302959296,Keyboard,Release,Key: a
1714302959313,Keyboard,Release,Key: w
1714302959999,Keyboard,Press,Key: e
1714302960101,Keyboard,Release,Key: e
1714302963967,Keyboard,Press,Key: space
1714302964042,Keyboard,Release,Key: space
1714302964327,Keyboard,Press,Key: space
1714302964403,Keyboard,Release,Key: space
1714302964763,Keyboard,Press,Key: space
1714302964839,Keyboard,Release,Key: space
1714302965995,Keyboard,Press,Key: e
1714302966079,Keyboard,Release,Key: e
1714302967329,Keyboard,Press,Key: space
1714302967403,Keyboard,Release,Key: space
1714302968353,Keyboard,Press,Key: space
1714302968411,Keyboard,Release,Key: space
1714302968820,Keyboard,Press,Key: space
1714302968888,Keyboard,Release,Key: space
1714302971026,Keyboard,Press,Key: space
1714302971084,Keyboard,Release,Key: space
1714302971529,Keyboard,Press,Key: space
1714302971587,Keyboard,Release,Key: space
1714302972257,Keyboard,Press,Key: space
1714302972324,Keyboard,Release,Key: space
1714302972728,Keyboard,Press,Key: space
1714302972803,Keyboard,Release,Key: space
1714302973308,Keyboard,Press,Key: space
1714302973374,Keyboard,Release,Key: space
1714302974598,Keyboard,Press,Key: space
1714302974657,Keyboard,Release,Key: space
1714302977517,Keyboard,Press,Key: s
1714302977617,Keyboard,Release,Key: s
1714302977988,Keyboard,Press,Key: w
1714302978087,Keyboard,Release,Key: w
1714302978238,Keyboard,Press,Key: e
1714302978313,Keyboard,Release,Key: e
1714302979487,Keyboard,Press,Key: space
1714302979587,Keyboard,Release,Key: space
1714302980208,Keyboard,Press,Key: space
1714302980359,Keyboard,Release,Key: space
1714302980654,Keyboard,Press,Key: space
1714302980762,Keyboard,Release,Key: space
1714302980836,Keyboard,Press,Key: space
1714302980914,Keyboard,Release,Key: space
1714302990597,Keyboard,Press,Key: w
1714302991534,Keyboard,Press,Key: a
1714302991669,Keyboard,Release,Key: a
1714302996012,Keyboard,Release,Key: w
1714302996766,Keyboard,Press,Key: w
1714302998711,Keyboard,Release,Key: w
1714302999701,Keyboard,Press,Key: w
1714303000414,Keyboard,Release,Key: w
1714303002569,Keyboard,Press,Key: d
1714303002679,Keyboard,Press,Key: w
1714303002695,Keyboard,Release,Key: d
1714303011105,Keyboard,Press,Key: d
1714303011380,Keyboard,Release,Key: d
1714303011968,Keyboard,Press,Key: d
1714303012665,Keyboard,Release,Key: d
1714303013830,Keyboard,Press,Key: d
1714303016573,Keyboard,Release,Key: d
1714303019673,Keyboard,Press,Key: d
1714303019958,Keyboard,Release,Key: d
1714303020588,Keyboard,Press,Key: d
1714303021107,Keyboard,Release,Key: d
1714303021678,Keyboard,Press,Key: shift
1714303023329,Keyboard,Release,Key: shift
1714303040057,Keyboard,Release,Key: w
1714303040510,Keyboard,Press,Key: w
1714303048285,Keyboard,Release,Key: w
1714303049033,Keyboard,Press,Key: w
1714303049577,Keyboard,Release,Key: w
1714303050071,Keyboard,Press,Key: w
1714303050626,Keyboard,Press,Key: shift
1714303053107,Keyboard,Release,Key: shift
1714303053702,Keyboard,Press,Key: a
1714303056204,Keyboard,Release,Key: a
1714303056740,Keyboard,Press,Key: a
1714303057804,Keyboard,Release,Key: w
1714303058526,Keyboard,Press,Key: d
1714303058567,Keyboard,Release,Key: a
1714303058652,Keyboard,Press,Key: w
1714303059415,Keyboard,Press,Key: shift
1714303062620,Keyboard,Release,Key: shift
1714303062669,Keyboard,Press,Key: shift
1714303063021,Keyboard,Release,Key: shift
1714303063499,Keyboard,Press,Key: shift
1714303063692,Keyboard,Release,Key: shift
1714303064153,Keyboard,Press,Key: shift
1714303067757,Keyboard,Press,Key: D
1714303069210,Keyboard,Release,Key: D
1714303071984,Keyboard,Press,Key: D
1714303076317,Keyboard,Release,Key: D
1714303076762,Keyboard,Press,Key: D
1714303077031,Keyboard,Release,Key: D
1714303078162,Keyboard,Release,Key: shift
1714303079637,Keyboard,Press,Key: shift
1714303079678,Keyboard,Release,Key: shift
1714303080208,Keyboard,Press,Key: shift
1714303082850,Keyboard,Press,Key: D
1714303083025,Keyboard,Release,Key: D
1714303084015,Keyboard,Release,Key: shift
1714303084652,Keyboard,Release,Key: w
1714303085313,Keyboard,Press,Key: w
1714303085573,Keyboard,Release,Key: d
1714303086245,Keyboard,Press,Key: a
1714303087284,Keyboard,Release,Key: a
1714303087503,Keyboard,Release,Key: w
1714303087629,Keyboard,Press,Key: w
1714303087981,Keyboard,Release,Key: w
1714303089011,Keyboard,Press,Key: w
1714303091611,Keyboard,Release,Key: w
1714303091619,Keyboard,Press,Key: d
1714303091736,Keyboard,Release,Key: d
1714303092423,Keyboard,Press,Key: w
1714303093497,Keyboard,Press,Key: d
1714303093683,Keyboard,Release,Key: d
1714303094327,Keyboard,Release,Key: w
1714303096332,Keyboard,Press,Key: w
1714303101545,Keyboard,Press,Key: a
1714303101713,Keyboard,Release,Key: a
1714303101980,Keyboard,Press,Key: d
1714303102199,Keyboard,Release,Key: d
1714303102299,Keyboard,Press,Key: space
1714303102426,Keyboard,Release,Key: space
1714303102466,Keyboard,Press,Key: d
1714303102517,Keyboard,Press,Key: space
1714303102636,Keyboard,Release,Key: space
1714303102904,Keyboard,Release,Key: d
1714303102929,Keyboard,Release,Key: w
1714303103147,Keyboard,Press,Key: w
1714303103222,Keyboard,Release,Key: w
1714303103239,Keyboard,Press,Key: w
1714303103299,Keyboard,Press,Key: q
1714303103331,Keyboard,Release,Key: q
1714303103358,Keyboard,Release,Key: w
1714303103398,Keyboard,Press,Key: q
1714303103399,Keyboard,Press,Key: w
1714303103490,Keyboard,Release,Key: q
1714303103506,Keyboard,Release,Key: w
1714303103708,Keyboard,Press,Key: w
1714303104078,Keyboard,Release,Key: w
1714303104112,Keyboard,Press,Key: q
1714303104170,Keyboard,Release,Key: q
1714303104245,Keyboard,Press,Key: q
1714303104336,Keyboard,Release,Key: q
1714303104656,Keyboard,Press,Key: q
1714303104716,Keyboard,Press,Key: w
1714303104722,Keyboard,Release,Key: q
1714303104924,Keyboard,Press,Key: space
1714303104999,Keyboard,Release,Key: space
1714303105082,Keyboard,Press,Key: space
1714303105159,Keyboard,Release,Key: space
1714303105328,Keyboard,Press,Key: d
1714303105627,Keyboard,Release,Key: d
1714303107179,Keyboard,Release,Key: w
1714303107305,Keyboard,Press,Key: s
1714303107440,Keyboard,Press,Key: space
1714303107507,Keyboard,Release,Key: space
1714303107575,Keyboard,Press,Key: space
1714303107682,Keyboard,Release,Key: space
1714303107707,Keyboard,Press,Key: space
1714303107777,Keyboard,Press,Key: a
1714303107792,Keyboard,Release,Key: space
1714303107817,Keyboard,Release,Key: a
1714303107875,Keyboard,Press,Key: a
1714303108462,Keyboard,Release,Key: a
1714303108791,Keyboard,Press,Key: d
1714303108914,Keyboard,Press,Key: space
1714303109008,Keyboard,Release,Key: d
1714303109057,Keyboard,Release,Key: space
1714303109100,Keyboard,Press,Key: space
1714303109209,Keyboard,Release,Key: space
1714303109620,Keyboard,Release,Key: s
1714303109872,Keyboard,Press,Key: w
1714303110795,Keyboard,Press,Key: a
1714303111163,Keyboard,Press,Key: space
1714303111255,Keyboard,Release,Key: space
1714303111346,Keyboard,Press,Key: space
1714303111373,Keyboard,Release,Key: space
1714303111649,Keyboard,Release,Key: a
1714303112261,Keyboard,Press,Key: shift
1714303113183,Keyboard,Release,Key: shift
1714303113603,Keyboard,Press,Key: d
1714303114374,Keyboard,Press,Key: space
1714303114383,Keyboard,Release,Key: w
1714303114483,Keyboard,Release,Key: space
1714303114532,Keyboard,Press,Key: space
1714303114745,Keyboard,Release,Key: space
1714303115421,Keyboard,Press,Key: s
1714303115471,Keyboard,Press,Key: space
1714303115606,Keyboard,Release,Key: space
1714303115674,Keyboard,Press,Key: space
1714303115774,Keyboard,Release,Key: space
1714303116001,Keyboard,Release,Key: d
1714303116847,Keyboard,Press,Key: a
1714303116864,Keyboard,Release,Key: a
1714303116955,Keyboard,Press,Key: space
1714303117057,Keyboard,Release,Key: space
1714303117123,Keyboard,Press,Key: space
1714303117165,Keyboard,Release,Key: space
1714303117417,Keyboard,Release,Key: s
1714303117551,Keyboard,Press,Key: w
1714303120267,Keyboard,Release,Key: w
1714303130699,Keyboard,Press,Key: w
1714303131152,Keyboard,Press,Key: shift
1714303131548,Keyboard,Press,Key: A
1714303132251,Keyboard,Release,Key: shift
1714303132477,Keyboard,Release,Key: w
1714303133903,Keyboard,Press,Key: w
1714303134607,Keyboard,Release,Key: w
1714303135111,Keyboard,Press,Key: w
1714303139055,Keyboard,Press,Key: d
1714303139734,Keyboard,Press,Key: shift
1714303140512,Keyboard,Press,Key: D
1714303140989,Keyboard,Release,Key: shift
1714303142903,Keyboard,Press,Key: shift
1714303146527,Keyboard,Release,Key: D
1714303147632,Keyboard,Press,Key: Q
1714303147707,Keyboard,Release,Key: Q
1714303148637,Keyboard,Press,Key: R
1714303148712,Keyboard,Release,Key: R
1714303150625,Keyboard,Release,Key: A
1714303152722,Keyboard,Press,Key: A
1714303153149,Keyboard,Release,Key: A
1714303154263,Keyboard,Press,Key: D
1714303154716,Keyboard,Release,Key: D
1714303155321,Keyboard,Release,Key: shift
1714303155329,Keyboard,Press,Key: a
1714303155390,Keyboard,Press,Key: shift
1714303156889,Keyboard,Release,Key: shift
1714303157123,Keyboard,Press,Key: shift
1714303160159,Keyboard,Press,Key: A
1714303160328,Keyboard,Release,Key: A
1714303160553,Keyboard,Press,Key: A
1714303161048,Keyboard,Release,Key: A
1714303161352,Keyboard,Press,Key: A
1714303161561,Keyboard,Release,Key: A
1714303162466,Keyboard,Press,Key: D
1714303162642,Keyboard,Release,Key: D
1714303163119,Keyboard,Press,Key: D
1714303164184,Keyboard,Release,Key: D
1714303164595,Keyboard,Press,Key: D
1714303164838,Keyboard,Release,Key: D
1714303165702,Keyboard,Press,Key: D
1714303165853,Keyboard,Release,Key: D
1714303166297,Keyboard,Press,Key: D
1714303166834,Keyboard,Release,Key: D
1714303167455,Keyboard,Release,Key: shift
1714303167731,Keyboard,Press,Key: shift
1714303169039,Keyboard,Press,Key: D
1714303170865,Keyboard,Release,Key: shift
1714303170907,Keyboard,Release,Key: d
1714303171277,Keyboard,Press,Key: d
1714303173423,Keyboard,Release,Key: d
1714303173758,Keyboard,Release,Key: w
1714303174354,Keyboard,Press,Key: e
1714303174448,Keyboard,Release,Key: e
1714303175125,Keyboard,Press,Key: e
1714303175225,Keyboard,Release,Key: e
1714303175661,Keyboard,Press,Key: d
1714303175879,Keyboard,Press,Key: s
1714303176123,Keyboard,Release,Key: s
1714303176431,Keyboard,Press,Key: w
1714303176736,Keyboard,Press,Key: shift
1714303179350,Keyboard,Release,Key: shift
1714303179367,Keyboard,Release,Key: d
1714303179534,Keyboard,Release,Key: w
1714303179751,Keyboard,Press,Key: e
1714303179869,Keyboard,Release,Key: e
1714303180582,Keyboard,Press,Key: w
1714303184513,Keyboard,Release,Key: a
1714303184781,Keyboard,Release,Key: w
1714303185201,Keyboard,Press,Key: w
1714303186131,Keyboard,Press,Key: a
1714303186231,Keyboard,Release,Key: a
1714303187095,Keyboard,Release,Key: w
1714303187296,Keyboard,Press,Key: a
1714303187364,Keyboard,Release,Key: a
1714303187563,Keyboard,Press,Key: w
1714303187857,Keyboard,Press,Key: d
1714303188193,Keyboard,Release,Key: d
1714303188560,Keyboard,Press,Key: space
1714303188639,Keyboard,Release,Key: space
1714303188729,Keyboard,Press,Key: space
1714303188847,Keyboard,Release,Key: space
1714303188880,Keyboard,Press,Key: space
1714303188989,Keyboard,Release,Key: space
1714303189040,Keyboard,Press,Key: space
1714303189224,Keyboard,Release,Key: space
1714303189249,Keyboard,Press,Key: space
1714303189466,Keyboard,Release,Key: space
1714303190120,Keyboard,Press,Key: shift
1714303190599,Keyboard,Release,Key: shift
1714303191001,Keyboard,Press,Key: d
1714303191537,Keyboard,Release,Key: w
1714303191605,Keyboard,Press,Key: w
1714303191730,Keyboard,Release,Key: w
1714303192318,Keyboard,Press,Key: s
1714303192334,Keyboard,Press,Key: space
1714303192351,Keyboard,Release,Key: s
1714303192408,Keyboard,Press,Key: s
1714303192425,Keyboard,Release,Key: space
1714303192510,Keyboard,Press,Key: space
1714303192594,Keyboard,Release,Key: space
1714303192786,Keyboard,Release,Key: d
1714303192844,Keyboard,Release,Key: s
1714303192971,Keyboard,Press,Key: w
1714303194814,Keyboard,Press,Key: a
1714303195025,Keyboard,Press,Key: space
1714303195116,Keyboard,Release,Key: space
1714303195158,Keyboard,Press,Key: space
1714303195243,Keyboard,Release,Key: space
1714303195251,Keyboard,Release,Key: w
1714303195292,Keyboard,Press,Key: w
1714303195301,Keyboard,Press,Key: space
1714303195376,Keyboard,Release,Key: space
1714303195443,Keyboard,Press,Key: space
1714303195504,Keyboard,Release,Key: space
1714303195562,Keyboard,Release,Key: w
1714303195678,Keyboard,Release,Key: a
1714303196247,Keyboard,Press,Key: q
1714303196364,Keyboard,Release,Key: q
1714303196634,Keyboard,Press,Key: q
1714303196716,Keyboard,Release,Key: q
1714303196885,Keyboard,Press,Key: w
1714303197155,Keyboard,Press,Key: shift
1714303197555,Keyboard,Release,Key: shift
1714303198988,Keyboard,Press,Key: a
1714303199852,Keyboard,Release,Key: a
1714303201714,Keyboard,Release,Key: w
1714303202837,Keyboard,Press,Key: s
1714303204513,Keyboard,Press,Key: d
1714303205042,Keyboard,Release,Key: s
1714303205067,Keyboard,Release,Key: d
1714303205752,Keyboard,Press,Key: w
1714303207287,Keyboard,Release,Key: w
1714303207480,Keyboard,Press,Key: e
1714303207596,Keyboard,Release,Key: e
1714303207991,Keyboard,Press,Key: e
1714303208092,Keyboard,Release,Key: e
1714303208208,Keyboard,Press,Key: e
1714303208300,Keyboard,Release,Key: e
1714303208401,Keyboard,Press,Key: e
1714303208492,Keyboard,Release,Key: e
1714303208593,Keyboard,Press,Key: e
1714303208669,Keyboard,Release,Key: e
1714303208797,Keyboard,Press,Key: e
1714303208879,Keyboard,Release,Key: e
1714303209014,Keyboard,Press,Key: e
1714303209079,Keyboard,Release,Key: e
1714303209517,Keyboard,Press,Key: e
1714303209608,Keyboard,Release,Key: e
1714303209734,Keyboard,Press,Key: e
1714303209843,Keyboard,Release,Key: e
1714303213220,Keyboard,Press,Key: space
1714303213296,Keyboard,Release,Key: space
1714303228365,Keyboard,Press,Key: i
1714303228432,Keyboard,Release,Key: i
1714303232121,Keyboard,Press,Key: r
1714303232204,Keyboard,Release,Key: r
1714303234553,Keyboard,Press,Key: r
1714303234628,Keyboard,Release,Key: r
1714303236607,Keyboard,Press,Key: r
1714303236683,Keyboard,Release,Key: r
1714303245596,Keyboard,Press,Key: esc
1714303245670,Keyboard,Release,Key: esc
1714303246458,Keyboard,Press,Key: esc
1714303246542,Keyboard,Release,Key: esc
1714303247338,Keyboard,Press,Key: w
1714303248806,Keyboard,Press,Key: a
1714303248931,Keyboard,Release,Key: w
1714303249425,Keyboard,Release,Key: a
1714303249586,Keyboard,Press,Key: d
1714303249745,Keyboard,Press,Key: w
1714303250450,Keyboard,Release,Key: d
1714303251556,Keyboard,Release,Key: w
1714303251615,Keyboard,Press,Key: w
1714303251632,Keyboard,Release,Key: w
1714303251832,Keyboard,Press,Key: e
1714303251926,Keyboard,Release,Key: e
1714303252277,Keyboard,Press,Key: w
1714303252528,Keyboard,Press,Key: shift
1714303253224,Keyboard,Press,Key: A
1714303253586,Keyboard,Release,Key: A
1714303256578,Keyboard,Press,Key: R
1714303256637,Keyboard,Release,Key: R
1714303256887,Keyboard,Release,Key: shift
1714303257660,Keyboard,Press,Key: d
1714303257894,Keyboard,Release,Key: d
1714303258288,Keyboard,Press,Key: shift
1714303260458,Keyboard,Release,Key: D
1714303263778,Keyboard,Release,Key: shift
1714303266503,Keyboard,Release,Key: w
1714303266771,Keyboard,Press,Key: e
1714303266862,Keyboard,Release,Key: e
1714303267685,Keyboard,Press,Key: space
1714303267761,Keyboard,Release,Key: space
1714303268129,Keyboard,Press,Key: space
1714303268205,Keyboard,Release,Key: space
1714303270200,Keyboard,Press,Key: e
1714303270275,Keyboard,Release,Key: e
1714303271375,Keyboard,Press,Key: space
1714303271433,Keyboard,Release,Key: space
1714303273680,Keyboard,Press,Key: space
1714303273749,Keyboard,Release,Key: space
1714303274352,Keyboard,Press,Key: space
1714303274403,Keyboard,Release,Key: space
1714303275593,Keyboard,Press,Key: space
1714303275635,Keyboard,Release,Key: space
1714303277371,Keyboard,Press,Key: space
1714303277446,Keyboard,Release,Key: space
1714303277790,Keyboard,Press,Key: space
1714303277856,Keyboard,Release,Key: space
1714303287036,Keyboard,Press,Key: space
1714303287111,Keyboard,Release,Key: space
1714303287354,Keyboard,Press,Key: space
1714303287414,Keyboard,Release,Key: space
1714303287858,Keyboard,Press,Key: space
1714303287925,Keyboard,Release,Key: space
1714303288193,Keyboard,Press,Key: space
1714303288268,Keyboard,Release,Key: space
1714303288830,Keyboard,Press,Key: space
1714303288922,Keyboard,Release,Key: space
1714303292822,Keyboard,Press,Key: w
1714303292996,Keyboard,Release,Key: w
1714303296610,Keyboard,Press,Key: i
1714303296668,Keyboard,Release,Key: i
1714303346037,Keyboard,Press,Key: e
1714303346112,Keyboard,Release,Key: e
1714303348393,Keyboard,Press,Key: e
1714303348486,Keyboard,Release,Key: e
1714303349945,Keyboard,Press,Key: e
1714303350014,Keyboard,Release,Key: e
1714303351714,Keyboard,Press,Key: e
1714303351780,Keyboard,Release,Key: e
1714303365454,Keyboard,Press,Key: e
1714303365545,Keyboard,Release,Key: e
1714303366198,Keyboard,Press,Key: space
1714303366284,Keyboard,Release,Key: space
1714303367515,Keyboard,Press,Key: e
1714303367591,Keyboard,Release,Key: e
1714303367917,Keyboard,Press,Key: space
1714303368018,Keyboard,Release,Key: space
1714303386269,Keyboard,Press,Key: e
1714303386360,Keyboard,Release,Key: e
1714303386998,Keyboard,Press,Key: space
1714303387149,Keyboard,Release,Key: space
1714303427894,Keyboard,Press,Key: space
1714303428018,Keyboard,Release,Key: space
1714303498836,Keyboard,Press,Key: esc
1714303498912,Keyboard,Release,Key: esc
1714303499700,Keyboard,Press,Key: esc
1714303499774,Keyboard,Release,Key: esc
1714303501618,Keyboard,Press,Key: m
1714303501668,Keyboard,Release,Key: m
1714303526259,Keyboard,Press,Key: esc
1714303526308,Keyboard,Release,Key: esc
1714303527105,Keyboard,Press,Key: esc
1714303527163,Keyboard,Release,Key: esc
1714303527599,Keyboard,Press,Key: w
1714303527985,Keyboard,Press,Key: shift
1714303528421,Keyboard,Press,Key: A
1714303528698,Keyboard,Release,Key: A
1714303528990,Keyboard,Press,Key: space
1714303529133,Keyboard,Release,Key: space
1714303529670,Keyboard,Press,Key: A
1714303529770,Keyboard,Release,Key: A
1714303529930,Keyboard,Release,Key: shift
1714303530283,Keyboard,Press,Key: shift
1714303532318,Keyboard,Release,Key: shift
1714303535737,Keyboard,Release,Key: w
1714303535905,Keyboard,Press,Key: e
1714303535973,Keyboard,Release,Key: e
1714303569217,Keyboard,Press,Key: w
1714303569426,Keyboard,Press,Key: shift
1714303572126,Keyboard,Press,Key: A
1714303572479,Keyboard,Release,Key: A
1714303573569,Keyboard,Press,Key: A
1714303574431,Keyboard,Release,Key: A
1714303575638,Keyboard,Press,Key: A
1714303577248,Keyboard,Release,Key: A
1714303577567,Keyboard,Press,Key: A
1714303577742,Keyboard,Release,Key: A
1714303577802,Keyboard,Release,Key: shift
1714303577954,Keyboard,Press,Key: a
1714303578692,Keyboard,Release,Key: a
1714303579890,Keyboard,Press,Key: a
1714303580502,Keyboard,Release,Key: a
1714303581448,Keyboard,Release,Key: w
1714303581625,Keyboard,Press,Key: w
1714303581801,Keyboard,Press,Key: d
1714303582069,Keyboard,Release,Key: d
1714303582186,Keyboard,Press,Key: a
1714303582387,Keyboard,Release,Key: a
1714303582674,Keyboard,Release,Key: w
1714303583604,Keyboard,Press,Key: e
1714303583704,Keyboard,Release,Key: e
1714303635760,Keyboard,Press,Key: esc
1714303635834,Keyboard,Release,Key: esc
1714303637528,Keyboard,Press,Key: d
1714303637562,Keyboard,Press,Key: w
1714303637805,Keyboard,Release,Key: d
1714303638483,Keyboard,Press,Key: space
1714303638542,Keyboard,Release,Key: space
1714303640631,Keyboard,Press,Key: shift
1714303642332,Keyboard,Press,Key: D
1714303642693,Keyboard,Release,Key: shift
1714303642793,Keyboard,Release,Key: w
1714303643187,Keyboard,Press,Key: m
1714303643254,Keyboard,Release,Key: m
1714303647849,Keyboard,Press,Key: esc
1714303647925,Keyboard,Release,Key: esc
1714303648939,Keyboard,Press,Key: esc
1714303648998,Keyboard,Release,Key: esc
1714303649861,Keyboard,Press,Key: w
1714303650566,Keyboard,Press,Key: shift
1714303660072,Keyboard,Release,Key: shift
1714303660166,Keyboard,Release,Key: w
1714303660460,Keyboard,Press,Key: e
1714303660550,Keyboard,Release,Key: e
1714303682343,Keyboard,Press,Key: w
1714303682804,Keyboard,Press,Key: shift
1714303684103,Keyboard,Release,Key: shift
1714303685278,Keyboard,Press,Key: shift
1714303691606,Keyboard,Release,Key: shift
1714303691791,Keyboard,Press,Key: shift
1714303692018,Keyboard,Release,Key: shift
1714303693919,Keyboard,Press,Key: shift
1714303696570,Keyboard,Release,Key: shift
1714303697088,Keyboard,Press,Key: a
1714303697754,Keyboard,Release,Key: a
1714303698305,Keyboard,Release,Key: w
1714303699664,Keyboard,Press,Key: esc
1714303699723,Keyboard,Release,Key: esc
1714303702948,Keyboard,Press,Key: i
1714303703016,Keyboard,Release,Key: i
1714303715850,Keyboard,Press,Key: w
1714303716782,Keyboard,Press,Key: d
1714303716942,Keyboard,Release,Key: d
1714303717241,Keyboard,Release,Key: w
1714303717653,Keyboard,Press,Key: e
1714303717761,Keyboard,Release,Key: e
1714303719806,Keyboard,Press,Key: space
1714303719848,Keyboard,Release,Key: space
1714303720200,Keyboard,Press,Key: space
1714303720259,Keyboard,Release,Key: space
1714303725130,Keyboard,Press,Key: space
1714303725197,Keyboard,Release,Key: space
1714303725573,Keyboard,Press,Key: space
1714303725649,Keyboard,Release,Key: space
1714303811174,Keyboard,Press,Key: esc
1714303811241,Keyboard,Release,Key: esc
1714303816739,Keyboard,Press,Key: space
1714303816824,Keyboard,Release,Key: space
1714303817762,Keyboard,Press,Key: s
1714303818366,Keyboard,Release,Key: s
1714303818869,Keyboard,Press,Key: w
1714303819382,Keyboard,Press,Key: shift
1714303821625,Keyboard,Release,Key: shift
1714303824022,Keyboard,Press,Key: shift
1714303829288,Keyboard,Release,Key: shift
1714303829950,Keyboard,Press,Key: shift
1714303832826,Keyboard,Release,Key: shift
1714303833637,Keyboard,Release,Key: w
1714303834081,Keyboard,Press,Key: e
1714303834174,Keyboard,Release,Key: e
1714303863675,Keyboard,Press,Key: w
1714303863920,Keyboard,Press,Key: shift
1714303866493,Keyboard,Release,Key: shift
1714303866519,Keyboard,Press,Key: d
1714303867517,Keyboard,Release,Key: d
1714303867885,Keyboard,Release,Key: w
1714303868346,Keyboard,Press,Key: e
1714303868464,Keyboard,Release,Key: e
1714303870090,Keyboard,Press,Key: space
1714303870149,Keyboard,Release,Key: space
1714303870568,Keyboard,Press,Key: space
1714303870652,Keyboard,Release,Key: space
1714303875843,Keyboard,Press,Key: space
1714303875926,Keyboard,Release,Key: space
1714303876413,Keyboard,Press,Key: space
1714303876506,Keyboard,Release,Key: space
1714304003229,Keyboard,Press,Key: esc
1714304003311,Keyboard,Release,Key: esc
1714304004200,Keyboard,Press,Key: esc
1714304004259,Keyboard,Release,Key: esc
1714304007151,Keyboard,Press,Key: space
1714304007235,Keyboard,Release,Key: space
1714304007629,Keyboard,Press,Key: space
1714304007696,Keyboard,Release,Key: space
1714304008199,Keyboard,Press,Key: a
1714304008660,Keyboard,Press,Key: w
1714304008728,Keyboard,Release,Key: a
1714304009752,Keyboard,Release,Key: w
1714304010054,Keyboard,Press,Key: w
1714304010876,Keyboard,Press,Key: shift
1714304013719,Keyboard,Release,Key: shift
1714304014431,Keyboard,Release,Key: w
1714304015976,Keyboard,Press,Key: e
1714304016075,Keyboard,Release,Key: e
1714304110923,Keyboard,Press,Key: w
1714304111140,Keyboard,Press,Key: shift
1714304116506,Keyboard,Release,Key: shift
1714304116515,Keyboard,Press,Key: a
1714304116723,Keyboard,Press,Key: shift
1714304118131,Keyboard,Release,Key: shift
1714304118173,Keyboard,Press,Key: d
1714304119531,Keyboard,Release,Key: d
1714304120152,Keyboard,Press,Key: shift
1714304122192,Keyboard,Release,Key: shift
1714304124218,Keyboard,Press,Key: d
1714304124462,Keyboard,Release,Key: d
1714304126072,Keyboard,Press,Key: space
1714304126238,Keyboard,Release,Key: space
1714304126582,Keyboard,Release,Key: w
1714304126657,Keyboard,Press,Key: w
1714304126716,Keyboard,Release,Key: w
1714304127496,Keyboard,Press,Key: w
1714304128166,Keyboard,Release,Key: w
1714304128208,Keyboard,Press,Key: w
1714304128343,Keyboard,Release,Key: w
1714304128728,Keyboard,Press,Key: w
1714304129113,Keyboard,Release,Key: w
1714304129901,Keyboard,Press,Key: e
1714304129995,Keyboard,Release,Key: e
1714304131218,Keyboard,Press,Key: w
1714304132827,Keyboard,Release,Key: w
1714304133221,Keyboard,Press,Key: m
1714304133289,Keyboard,Release,Key: m
1714304157450,Keyboard,Press,Key: s
1714304158020,Keyboard,Release,Key: s
1714304159384,Keyboard,Press,Key: s
1714304164273,Keyboard,Release,Key: s
1714304164414,Keyboard,Release,Key: a
1714304164489,Keyboard,Press,Key: w
1714304165177,Keyboard,Press,Key: d
1714304166736,Keyboard,Release,Key: d
1714304167858,Keyboard,Press,Key: shift
1714304169098,Keyboard,Release,Key: shift
1714304169585,Keyboard,Press,Key: d
1714304169752,Keyboard,Release,Key: d
1714304170205,Keyboard,Press,Key: shift
1714304172475,Keyboard,Release,Key: shift
1714304174386,Keyboard,Press,Key: shift
1714304175517,Keyboard,Release,Key: shift
1714304180377,Keyboard,Press,Key: shift
1714304181392,Keyboard,Release,Key: shift
1714304181784,Keyboard,Press,Key: d
1714304182011,Keyboard,Release,Key: d
1714304182732,Keyboard,Press,Key: d
1714304182866,Keyboard,Release,Key: d
1714304204455,Keyboard,Press,Key: a
1714304204634,Keyboard,Release,Key: a
1714304207934,Keyboard,Press,Key: a
1714304208236,Keyboard,Release,Key: a
1714304215083,Keyboard,Press,Key: d
1714304215177,Keyboard,Release,Key: d
1714304224337,Keyboard,Press,Key: d
1714304224496,Keyboard,Release,Key: d
1714304225954,Keyboard,Press,Key: d
1714304226113,Keyboard,Release,Key: d
1714304228669,Keyboard,Press,Key: d
1714304228897,Keyboard,Release,Key: d
1714304230246,Keyboard,Press,Key: d
1714304230480,Keyboard,Release,Key: d
1714304231478,Keyboard,Press,Key: shift
1714304232290,Keyboard,Release,Key: shift
1714304232961,Keyboard,Press,Key: d
1714304233146,Keyboard,Release,Key: d
1714304233824,Keyboard,Release,Key: w
1714304247408,Keyboard,Press,Key: space
1714304247491,Keyboard,Release,Key: space
1714304248364,Keyboard,Press,Key: space
1714304248430,Keyboard,Release,Key: space
1714304277388,Keyboard,Press,Key: space
1714304277420,Keyboard,Release,Key: space
1714304277529,Keyboard,Press,Key: space
1714304277563,Keyboard,Release,Key: space
1714304279777,Keyboard,Press,Key: w
1714304280363,Keyboard,Press,Key: d
1714304281646,Keyboard,Release,Key: d
1714304282325,Keyboard,Press,Key: d
1714304282458,Keyboard,Release,Key: d
1714304282836,Keyboard,Press,Key: d
1714304283104,Keyboard,Release,Key: d
1714304283456,Keyboard,Press,Key: d
1714304283850,Keyboard,Release,Key: d
1714304284101,Keyboard,Press,Key: d
1714304284428,Keyboard,Release,Key: d
1714304284832,Keyboard,Press,Key: d
1714304285216,Keyboard,Release,Key: d
1714304285577,Keyboard,Press,Key: d
1714304285796,Keyboard,Release,Key: d
1714304288285,Keyboard,Press,Key: a
1714304289861,Keyboard,Release,Key: a
1714304290466,Keyboard,Press,Key: a
1714304290885,Keyboard,Release,Key: a
1714304292493,Keyboard,Press,Key: d
1714304293818,Keyboard,Release,Key: d
1714304293960,Keyboard,Press,Key: a
1714304295329,Keyboard,Release,Key: a
1714304296820,Keyboard,Press,Key: a
1714304297282,Keyboard,Release,Key: a
1714304298229,Keyboard,Press,Key: d
1714304298539,Keyboard,Release,Key: d
1714304299111,Keyboard,Press,Key: d
1714304299387,Keyboard,Release,Key: d
1714304299453,Keyboard,Release,Key: w
1714304300090,Keyboard,Press,Key: a
1714304301767,Keyboard,Press,Key: w
1714304302555,Keyboard,Release,Key: a
1714304303007,Keyboard,Release,Key: w
1714304304374,Keyboard,Press,Key: m
1714304304442,Keyboard,Release,Key: m
1714304310493,Keyboard,Press,Key: w
1714304313025,Keyboard,Press,Key: d
1714304313261,Keyboard,Release,Key: d
1714304313729,Keyboard,Press,Key: d
1714304313955,Keyboard,Release,Key: d
1714304314231,Keyboard,Press,Key: d
1714304314433,Keyboard,Release,Key: d
1714304314643,Keyboard,Press,Key: d
1714304314920,Keyboard,Release,Key: d
1714304315531,Keyboard,Press,Key: d
1714304315766,Keyboard,Release,Key: d
1714304316143,Keyboard,Press,Key: d
1714304316428,Keyboard,Release,Key: d
1714304317981,Keyboard,Press,Key: d
1714304318206,Keyboard,Release,Key: d
1714304319539,Keyboard,Press,Key: d
1714304320520,Keyboard,Release,Key: d
1714304320596,Keyboard,Release,Key: w
1714304321333,Keyboard,Press,Key: d
1714304322112,Keyboard,Press,Key: w
1714304322590,Keyboard,Release,Key: d
1714304323169,Keyboard,Press,Key: a
1714304323395,Keyboard,Release,Key: w
1714304323680,Keyboard,Release,Key: a
1714304324158,Keyboard,Press,Key: d
1714304324510,Keyboard,Release,Key: d
1714304324745,Keyboard,Press,Key: w
1714304325049,Keyboard,Release,Key: w
1714304325214,Keyboard,Press,Key: d
1714304325407,Keyboard,Release,Key: d
1714304325744,Keyboard,Press,Key: e
1714304325843,Keyboard,Release,Key: e
1714304326631,Keyboard,Press,Key: d
1714304326706,Keyboard,Press,Key: w
1714304327436,Keyboard,Release,Key: d
1714304327561,Keyboard,Release,Key: w
1714304329582,Keyboard,Press,Key: w
1714304329698,Keyboard,Press,Key: space
1714304329815,Keyboard,Release,Key: space
1714304329874,Keyboard,Press,Key: space
1714304330008,Keyboard,Release,Key: space
1714304330161,Keyboard,Press,Key: space
1714304330243,Keyboard,Release,Key: space
1714304330344,Keyboard,Press,Key: space
1714304330412,Keyboard,Release,Key: space
1714304331978,Keyboard,Release,Key: w
1714304332974,Keyboard,Press,Key: w
1714304333143,Keyboard,Release,Key: w
1714304333410,Keyboard,Press,Key: w
1714304334014,Keyboard,Release,Key: w
1714304334340,Keyboard,Press,Key: e
1714304334440,Keyboard,Release,Key: e
1714304334860,Keyboard,Press,Key: w
1714304335321,Keyboard,Release,Key: w
1714304335555,Keyboard,Press,Key: e
1714304335656,Keyboard,Release,Key: e
1714304336367,Keyboard,Press,Key: w
1714304338940,Keyboard,Release,Key: w
1714304339040,Keyboard,Press,Key: w
1714304339989,Keyboard,Press,Key: a
1714304340533,Keyboard,Release,Key: a
1714304344303,Keyboard,Press,Key: a
1714304344506,Keyboard,Release,Key: a
1714304345309,Keyboard,Press,Key: a
1714304345552,Keyboard,Release,Key: a
1714304345980,Keyboard,Press,Key: a
1714304346843,Keyboard,Release,Key: a
1714304349920,Keyboard,Press,Key: d
1714304350523,Keyboard,Release,Key: d
1714304350666,Keyboard,Press,Key: a
1714304350884,Keyboard,Release,Key: w
1714304353231,Keyboard,Press,Key: w
1714304353289,Keyboard,Release,Key: a
1714304355923,Keyboard,Press,Key: d
1714304356870,Keyboard,Release,Key: d
1714304357608,Keyboard,Press,Key: d
1714304358454,Keyboard,Release,Key: d
1714304358748,Keyboard,Press,Key: d
1714304359427,Keyboard,Release,Key: d
1714304359863,Keyboard,Press,Key: d
1714304360164,Keyboard,Release,Key: d
1714304360349,Keyboard,Press,Key: d
1714304360525,Keyboard,Release,Key: d
1714304360953,Keyboard,Press,Key: d
1714304361145,Keyboard,Release,Key: d
1714304361415,Keyboard,Press,Key: d
1714304361614,Keyboard,Release,Key: d
1714304367641,Keyboard,Press,Key: d
1714304368026,Keyboard,Release,Key: w
1714304369293,Keyboard,Press,Key: w
1714304369544,Keyboard,Release,Key: d
1714304369838,Keyboard,Press,Key: d
1714304370408,Keyboard,Release,Key: d
1714304370745,Keyboard,Press,Key: a
1714304371447,Keyboard,Release,Key: w
1714304374826,Keyboard,Release,Key: a
1714304374934,Keyboard,Press,Key: w
1714304375453,Keyboard,Press,Key: a
1714304375965,Keyboard,Release,Key: w
1714304376478,Keyboard,Press,Key: w
1714304376921,Keyboard,Release,Key: a
1714304377021,Keyboard,Press,Key: a
1714304377541,Keyboard,Release,Key: a
1714304377667,Keyboard,Release,Key: w
1714304377817,Keyboard,Press,Key: w
1714304377927,Keyboard,Press,Key: a
1714304380491,Keyboard,Release,Key: a
1714304380524,Keyboard,Release,Key: w
1714304380624,Keyboard,Press,Key: e
1714304380692,Keyboard,Release,Key: e
1714304381263,Keyboard,Press,Key: w
1714304383482,Keyboard,Press,Key: space
1714304383626,Keyboard,Release,Key: space
1714304385184,Keyboard,Press,Key: shift
1714304385612,Keyboard,Press,Key: space
1714304385755,Keyboard,Release,Key: shift
1714304385781,Keyboard,Release,Key: space
1714304386568,Keyboard,Press,Key: space
1714304386686,Keyboard,Release,Key: space
1714304386802,Keyboard,Press,Key: space
1714304386911,Keyboard,Release,Key: space
1714304387984,Keyboard,Press,Key: space
1714304388101,Keyboard,Release,Key: space
1714304390499,Keyboard,Press,Key: shift
1714304391682,Keyboard,Release,Key: shift
1714304391942,Keyboard,Press,Key: space
1714304392075,Keyboard,Release,Key: space
1714304394137,Keyboard,Press,Key: space
1714304394281,Keyboard,Release,Key: space
1714304395931,Keyboard,Press,Key: shift
1714304400131,Keyboard,Release,Key: shift
1714304402938,Keyboard,Release,Key: w
1714304403048,Keyboard,Press,Key: s
1714304403123,Keyboard,Press,Key: space
1714304403215,Keyboard,Release,Key: space
1714304403282,Keyboard,Press,Key: space
1714304403367,Keyboard,Release,Key: space
1714304403475,Keyboard,Release,Key: s
1714304403877,Keyboard,Press,Key: w
1714304404590,Keyboard,Press,Key: shift
1714304405126,Keyboard,Release,Key: shift
1714304406610,Keyboard,Press,Key: space
1714304406694,Keyboard,Release,Key: space
1714304406787,Keyboard,Press,Key: space
1714304406862,Keyboard,Release,Key: space
1714304407230,Keyboard,Release,Key: w
1714304407306,Keyboard,Press,Key: a
1714304407372,Keyboard,Release,Key: a
1714304407398,Keyboard,Press,Key: s
1714304408831,Keyboard,Press,Key: a
1714304409082,Keyboard,Release,Key: s
1714304409284,Keyboard,Press,Key: w
1714304409384,Keyboard,Release,Key: a
1714304409677,Keyboard,Press,Key: shift
1714304414044,Keyboard,Press,Key: Q
1714304414153,Keyboard,Release,Key: Q
1714304414924,Keyboard,Release,Key: D
1714304415007,Keyboard,Press,Key: D
1714304415493,Keyboard,Release,Key: D
1714304417328,Keyboard,Press,Key: D
1714304417496,Keyboard,Release,Key: D
1714304425087,Keyboard,Release,Key: shift
1714304432669,Keyboard,Release,Key: w
1714304433591,Keyboard,Press,Key: w
1714304433959,Keyboard,Release,Key: w
1714304434168,Keyboard,Press,Key: e
1714304434269,Keyboard,Release,Key: e
1714304435534,Keyboard,Press,Key: space
1714304435593,Keyboard,Release,Key: space
1714304436414,Keyboard,Press,Key: space
1714304436489,Keyboard,Release,Key: space
1714304436883,Keyboard,Press,Key: space
1714304436961,Keyboard,Release,Key: space
1714304437069,Keyboard,Press,Key: space
1714304437193,Keyboard,Release,Key: space
1714304438341,Keyboard,Press,Key: space
1714304438424,Keyboard,Release,Key: space
1714304438743,Keyboard,Press,Key: space
1714304438818,Keyboard,Release,Key: space
1714304439297,Keyboard,Press,Key: space
1714304439363,Keyboard,Release,Key: space
1714304439481,Keyboard,Press,Key: space
1714304439547,Keyboard,Release,Key: space
1714304440242,Keyboard,Press,Key: space
1714304440309,Keyboard,Release,Key: space
1714304440603,Keyboard,Press,Key: space
1714304440686,Keyboard,Release,Key: space
1714304441189,Keyboard,Press,Key: space
1714304441232,Keyboard,Release,Key: space
1714304441357,Keyboard,Press,Key: space
1714304441434,Keyboard,Release,Key: space
1714304442110,Keyboard,Press,Key: space
1714304442178,Keyboard,Release,Key: space
1714304442714,Keyboard,Press,Key: space
1714304442806,Keyboard,Release,Key: space
1714304443350,Keyboard,Press,Key: space
1714304443426,Keyboard,Release,Key: space
1714304443543,Keyboard,Press,Key: space
1714304443601,Keyboard,Release,Key: space
1714304445429,Keyboard,Press,Key: e
1714304445487,Keyboard,Release,Key: e
1714304446241,Keyboard,Press,Key: space
1714304446308,Keyboard,Release,Key: space
1714304446660,Keyboard,Press,Key: space
1714304446752,Keyboard,Release,Key: space
1714304447196,Keyboard,Press,Key: space
1714304447283,Keyboard,Release,Key: space
1714304447372,Keyboard,Press,Key: space
1714304447457,Keyboard,Release,Key: space
1714304448788,Keyboard,Press,Key: space
1714304448889,Keyboard,Release,Key: space
1714304449375,Keyboard,Press,Key: space
1714304449451,Keyboard,Release,Key: space
1714304450264,Keyboard,Press,Key: space
1714304450363,Keyboard,Release,Key: space
1714304451545,Keyboard,Press,Key: space
1714304451620,Keyboard,Release,Key: space
1714304454251,Keyboard,Press,Key: e
1714304454326,Keyboard,Release,Key: e
1714304455643,Keyboard,Press,Key: space
1714304455736,Keyboard,Release,Key: space
1714304455902,Keyboard,Press,Key: space
1714304455985,Keyboard,Release,Key: space
1714304457068,Keyboard,Press,Key: space
1714304457126,Keyboard,Release,Key: space
1714304457686,Keyboard,Press,Key: space
1714304457812,Keyboard,Release,Key: space
1714304460016,Keyboard,Press,Key: space
1714304460092,Keyboard,Release,Key: space
1714304460335,Keyboard,Press,Key: space
1714304460418,Keyboard,Release,Key: space
1714304461709,Keyboard,Press,Key: space
1714304461793,Keyboard,Release,Key: space
1714304462766,Keyboard,Press,Key: space
1714304462849,Keyboard,Release,Key: space
1714304463521,Keyboard,Press,Key: space
1714304463613,Keyboard,Release,Key: space
1714304463695,Keyboard,Press,Key: space
1714304463796,Keyboard,Release,Key: space
1714304465297,Keyboard,Press,Key: space
1714304465365,Keyboard,Release,Key: space
1714304465506,Keyboard,Press,Key: space
1714304465632,Keyboard,Release,Key: space
1714304472631,Keyboard,Press,Key: space
1714304472732,Keyboard,Release,Key: space
1714304472842,Keyboard,Press,Key: space
1714304472907,Keyboard,Release,Key: space
1714304473520,Keyboard,Press,Key: space
1714304473586,Keyboard,Release,Key: space
1714304473687,Keyboard,Press,Key: space
1714304473754,Keyboard,Release,Key: space
1714304474190,Keyboard,Press,Key: space
1714304474215,Keyboard,Release,Key: space
1714304476160,Keyboard,Press,Key: s
1714304476251,Keyboard,Release,Key: s
1714304476429,Keyboard,Press,Key: e
1714304476488,Keyboard,Release,Key: e
1714304477284,Keyboard,Press,Key: space
1714304477342,Keyboard,Release,Key: space
1714304477551,Keyboard,Press,Key: space
1714304477603,Keyboard,Release,Key: space
1714304477962,Keyboard,Press,Key: space
1714304478003,Keyboard,Release,Key: space
1714304478112,Keyboard,Press,Key: space
1714304478129,Keyboard,Release,Key: space
1714304478676,Keyboard,Press,Key: space
1714304478709,Keyboard,Release,Key: space
1714304478817,Keyboard,Press,Key: space
1714304478867,Keyboard,Release,Key: space
1714304480409,Keyboard,Press,Key: space
1714304480493,Keyboard,Release,Key: space
1714304480610,Keyboard,Press,Key: space
1714304480711,Keyboard,Release,Key: space
1714304483594,Keyboard,Press,Key: e
1714304483644,Keyboard,Release,Key: e
1714304484533,Keyboard,Press,Key: space
1714304484591,Keyboard,Release,Key: space
1714304485270,Keyboard,Press,Key: space
1714304485371,Keyboard,Release,Key: space
1714304485640,Keyboard,Press,Key: space
1714304485714,Keyboard,Release,Key: space
1714304485807,Keyboard,Press,Key: space
1714304485866,Keyboard,Release,Key: space
1714304486486,Keyboard,Press,Key: space
1714304486561,Keyboard,Release,Key: space
1714304486645,Keyboard,Press,Key: space
1714304486729,Keyboard,Release,Key: space
1714304487492,Keyboard,Press,Key: space
1714304487510,Keyboard,Release,Key: space
1714304487625,Keyboard,Press,Key: space
1714304487669,Keyboard,Release,Key: space
1714304488195,Keyboard,Press,Key: space
1714304488270,Keyboard,Release,Key: space
1714304488380,Keyboard,Press,Key: space
1714304488439,Keyboard,Release,Key: space
1714304490257,Keyboard,Press,Key: e
1714304490299,Keyboard,Release,Key: e
1714304491011,Keyboard,Press,Key: space
1714304491072,Keyboard,Release,Key: space
1714304491197,Keyboard,Press,Key: space
1714304491247,Keyboard,Release,Key: space
1714304491363,Keyboard,Press,Key: space
1714304491390,Keyboard,Release,Key: space
1714304491993,Keyboard,Press,Key: space
1714304492059,Keyboard,Release,Key: space
1714304492151,Keyboard,Press,Key: space
1714304492245,Keyboard,Release,Key: space
1714304492638,Keyboard,Press,Key: space
1714304492696,Keyboard,Release,Key: space
1714304492797,Keyboard,Press,Key: space
1714304492856,Keyboard,Release,Key: space
1714304493426,Keyboard,Press,Key: s
1714304493552,Keyboard,Release,Key: s
1714304493738,Keyboard,Press,Key: e
1714304493812,Keyboard,Release,Key: e
1714304494575,Keyboard,Press,Key: space
1714304494676,Keyboard,Release,Key: space
1714304494768,Keyboard,Press,Key: space
1714304494827,Keyboard,Release,Key: space
1714304494927,Keyboard,Press,Key: space
1714304495011,Keyboard,Release,Key: space
1714304495087,Keyboard,Press,Key: space
1714304495145,Keyboard,Release,Key: space
1714304495231,Keyboard,Press,Key: space
1714304495313,Keyboard,Release,Key: space
1714304495707,Keyboard,Press,Key: space
1714304495757,Keyboard,Release,Key: space
1714304496261,Keyboard,Press,Key: s
1714304496379,Keyboard,Release,Key: s
1714304496464,Keyboard,Press,Key: s
1714304496546,Keyboard,Release,Key: s
1714304496673,Keyboard,Press,Key: e
1714304496756,Keyboard,Release,Key: e
1714304497579,Keyboard,Press,Key: space
1714304497662,Keyboard,Release,Key: space
1714304497788,Keyboard,Press,Key: space
1714304497838,Keyboard,Release,Key: space
1714304497957,Keyboard,Press,Key: space
1714304498022,Keyboard,Release,Key: space
1714304498122,Keyboard,Press,Key: space
1714304498181,Keyboard,Release,Key: space
1714304498275,Keyboard,Press,Key: space
1714304498341,Keyboard,Release,Key: space
1714304498441,Keyboard,Press,Key: space
1714304498483,Keyboard,Release,Key: space
1714304499020,Keyboard,Press,Key: space
1714304499078,Keyboard,Release,Key: space
1714304499330,Keyboard,Press,Key: space
1714304499397,Keyboard,Release,Key: space
1714304500304,Keyboard,Press,Key: e
1714304500371,Keyboard,Release,Key: e
1714304501049,Keyboard,Press,Key: space
1714304501132,Keyboard,Release,Key: space
1714304501224,Keyboard,Press,Key: space
1714304501300,Keyboard,Release,Key: space
1714304501393,Keyboard,Press,Key: space
1714304501502,Keyboard,Release,Key: space
1714304502281,Keyboard,Press,Key: w
1714304504665,Keyboard,Press,Key: shift
1714304505249,Keyboard,Release,Key: shift
1714304506533,Keyboard,Press,Key: shift
1714304508367,Keyboard,Press,Key: A
1714304508687,Keyboard,Release,Key: A
1714304508712,Keyboard,Press,Key: space
1714304508846,Keyboard,Release,Key: space
1714304509502,Keyboard,Release,Key: shift
1714304509768,Keyboard,Press,Key: shift
1714304511572,Keyboard,Press,Key: A
1714304511774,Keyboard,Release,Key: A
1714304520784,Keyboard,Release,Key: shift
1714304521614,Keyboard,Press,Key: q
1714304521740,Keyboard,Release,Key: q
1714304523550,Keyboard,Press,Key: d
1714304523661,Keyboard,Press,Key: space
1714304523778,Keyboard,Release,Key: d
1714304523785,Keyboard,Release,Key: space
1714304523879,Keyboard,Press,Key: space
1714304523962,Keyboard,Release,Key: space
1714304525219,Keyboard,Press,Key: space
1714304525302,Keyboard,Release,Key: space
1714304525377,Keyboard,Press,Key: space
1714304525471,Keyboard,Release,Key: space
1714304525554,Keyboard,Press,Key: space
1714304525620,Keyboard,Release,Key: space
1714304526081,Keyboard,Press,Key: space
1714304526106,Keyboard,Release,Key: space
1714304526232,Keyboard,Press,Key: space
1714304526290,Keyboard,Release,Key: space
1714304526391,Keyboard,Press,Key: space
1714304526458,Keyboard,Release,Key: space
1714304526567,Keyboard,Press,Key: space
1714304526609,Keyboard,Release,Key: space
1714304527783,Keyboard,Press,Key: space
1714304527876,Keyboard,Release,Key: space
1714304532417,Keyboard,Press,Key: space
1714304532517,Keyboard,Release,Key: space
1714304532635,Keyboard,Press,Key: space
1714304532735,Keyboard,Release,Key: space
1714304532827,Keyboard,Press,Key: space
1714304532919,Keyboard,Release,Key: space
1714304534203,Keyboard,Press,Key: shift
1714304534730,Keyboard,Press,Key: A
1714304534890,Keyboard,Release,Key: A
1714304541663,Keyboard,Release,Key: shift
1714304542108,Keyboard,Release,Key: w
1714304543533,Keyboard,Press,Key: w
1714304544187,Keyboard,Press,Key: shift
1714304547926,Keyboard,Release,Key: shift
1714304550776,Keyboard,Press,Key: d
1714304551573,Keyboard,Release,Key: d
1714304552654,Keyboard,Press,Key: space
1714304552696,Keyboard,Release,Key: space
1714304553090,Keyboard,Press,Key: d
1714304553560,Keyboard,Release,Key: d
1714304553897,Keyboard,Press,Key: shift
1714304554641,Keyboard,Press,Key: A
1714304554985,Keyboard,Release,Key: shift
1714304557844,Keyboard,Press,Key: d
1714304558304,Keyboard,Press,Key: shift
1714304563341,Keyboard,Release,Key: shift
1714304568152,Keyboard,Release,Key: w
1714304569720,Keyboard,Press,Key: w
1714304570222,Keyboard,Release,Key: d
1714304570599,Keyboard,Press,Key: a
1714304571161,Keyboard,Release,Key: a
1714304571664,Keyboard,Press,Key: shift
1714304573759,Keyboard,Press,Key: D
1714304573919,Keyboard,Release,Key: D
1714304575377,Keyboard,Release,Key: shift
1714304575445,Keyboard,Press,Key: d
1714304576115,Keyboard,Release,Key: w
1714304576459,Keyboard,Release,Key: d
1714304577064,Keyboard,Press,Key: d
1714304577557,Keyboard,Press,Key: w
1714304578028,Keyboard,Release,Key: d
1714304579486,Keyboard,Press,Key: d
1714304579511,Keyboard,Press,Key: space
1714304579654,Keyboard,Release,Key: space
1714304579704,Keyboard,Press,Key: space
1714304579821,Keyboard,Release,Key: space
1714304579898,Keyboard,Release,Key: d
1714304581515,Keyboard,Release,Key: w
1714304581633,Keyboard,Press,Key: s
1714304581708,Keyboard,Press,Key: space
1714304581808,Keyboard,Release,Key: space
1714304581876,Keyboard,Press,Key: space
1714304581943,Keyboard,Release,Key: space
1714304582001,Keyboard,Press,Key: space
1714304582077,Keyboard,Release,Key: space
1714304582186,Keyboard,Release,Key: s
1714304583411,Keyboard,Press,Key: d
1714304583697,Keyboard,Release,Key: d
1714304583805,Keyboard,Press,Key: s
1714304583931,Keyboard,Press,Key: space
1714304584049,Keyboard,Release,Key: space
1714304584141,Keyboard,Press,Key: space
1714304584224,Keyboard,Release,Key: space
1714304584317,Keyboard,Release,Key: s
1714304584995,Keyboard,Press,Key: 2
1714304585096,Keyboard,Release,Key: 2
1714304585708,Keyboard,Press,Key: d
1714304585809,Keyboard,Press,Key: space
1714304585893,Keyboard,Press,Key: w
1714304585969,Keyboard,Release,Key: space
1714304586035,Keyboard,Release,Key: w
1714304586069,Keyboard,Press,Key: space
1714304586087,Keyboard,Release,Key: space
1714304586354,Keyboard,Release,Key: d
1714304586364,Keyboard,Press,Key: w
1714304589181,Keyboard,Release,Key: w
1714304589307,Keyboard,Press,Key: s
1714304589333,Keyboard,Press,Key: space
1714304589432,Keyboard,Release,Key: space
1714304589516,Keyboard,Press,Key: space
1714304589600,Keyboard,Release,Key: space
1714304589684,Keyboard,Release,Key: s
1714304589717,Keyboard,Press,Key: s
1714304589734,Keyboard,Press,Key: space
1714304589751,Keyboard,Release,Key: s
1714304589759,Keyboard,Release,Key: space
1714304590507,Keyboard,Press,Key: q
1714304590624,Keyboard,Release,Key: q
1714304590857,Keyboard,Press,Key: w
1714304593138,Keyboard,Release,Key: w
1714304593356,Keyboard,Press,Key: space
1714304593448,Keyboard,Release,Key: space
1714304593457,Keyboard,Press,Key: d
1714304593524,Keyboard,Press,Key: space
1714304593625,Keyboard,Release,Key: space
1714304593784,Keyboard,Release,Key: d
1714304593943,Keyboard,Press,Key: w
1714304594908,Keyboard,Press,Key: shift
1714304595277,Keyboard,Release,Key: shift
1714304596065,Keyboard,Release,Key: w
1714304598320,Keyboard,Press,Key: w
1714304598615,Keyboard,Press,Key: e
1714304598673,Keyboard,Release,Key: w
1714304598707,Keyboard,Release,Key: e
1714304599026,Keyboard,Press,Key: e
1714304599128,Keyboard,Release,Key: e
1714304599193,Keyboard,Press,Key: e
1714304599276,Keyboard,Release,Key: e
1714304599335,Keyboard,Press,Key: e
1714304599419,Keyboard,Release,Key: e
1714304599486,Keyboard,Press,Key: e
1714304599579,Keyboard,Release,Key: e
1714304599888,Keyboard,Press,Key: w
1714304600207,Keyboard,Press,Key: e
1714304600249,Keyboard,Release,Key: w
1714304600316,Keyboard,Release,Key: e
1714304600400,Keyboard,Press,Key: e
1714304600476,Keyboard,Release,Key: e
1714304600560,Keyboard,Press,Key: e
1714304600626,Keyboard,Release,Key: e
1714304600685,Keyboard,Press,Key: e
1714304600769,Keyboard,Release,Key: e
1714304600811,Keyboard,Press,Key: e
1714304600886,Keyboard,Release,Key: e
1714304600997,Keyboard,Press,Key: w
1714304601331,Keyboard,Press,Key: shift
1714304602379,Keyboard,Press,Key: D
1714304602706,Keyboard,Release,Key: shift
1714304602831,Keyboard,Release,Key: w
1714304603394,Keyboard,Press,Key: space
1714304603493,Keyboard,Release,Key: space
1714304603997,Keyboard,Press,Key: space
1714304604097,Keyboard,Release,Key: space
1714304604575,Keyboard,Press,Key: space
1714304604676,Keyboard,Release,Key: space
1714304605799,Keyboard,Press,Key: space
1714304605882,Keyboard,Release,Key: space
1714304606175,Keyboard,Press,Key: space
1714304606226,Keyboard,Release,Key: space
1714304606410,Keyboard,Press,Key: space
1714304606478,Keyboard,Release,Key: space
1714304607986,Keyboard,Press,Key: space
1714304608103,Keyboard,Release,Key: space
1714304608371,Keyboard,Press,Key: space
1714304608472,Keyboard,Release,Key: space
1714304609645,Keyboard,Press,Key: space
1714304609738,Keyboard,Release,Key: space
1714304610500,Keyboard,Press,Key: space
1714304610550,Keyboard,Release,Key: space
1714304616016,Keyboard,Press,Key: space
1714304616074,Keyboard,Release,Key: space
1714304617775,Keyboard,Press,Key: space
1714304617850,Keyboard,Release,Key: space
1714304619895,Keyboard,Press,Key: d
1714304620004,Keyboard,Press,Key: w
1714304621211,Keyboard,Release,Key: d
1714304621538,Keyboard,Release,Key: w
1714304622174,Keyboard,Press,Key: w
1714304622486,Keyboard,Release,Key: w
1714304623481,Keyboard,Press,Key: w
1714304623984,Keyboard,Press,Key: shift
1714304628291,Keyboard,Release,Key: shift
1714304629045,Keyboard,Press,Key: shift
1714304638751,Keyboard,Release,Key: shift
1714304639153,Keyboard,Press,Key: q
1714304639254,Keyboard,Release,Key: q
1714304639916,Keyboard,Press,Key: shift
1714304645661,Keyboard,Release,Key: shift
1714304646900,Keyboard,Press,Key: a
1714304647873,Keyboard,Release,Key: a
1714304648083,Keyboard,Release,Key: w
1714304648386,Keyboard,Press,Key: w
1714304649921,Keyboard,Release,Key: w
1714304650129,Keyboard,Press,Key: e
1714304650240,Keyboard,Release,Key: e
1714304650724,Keyboard,Press,Key: w
1714304656645,Keyboard,Release,Key: w
1714304657273,Keyboard,Press,Key: w
1714304658137,Keyboard,Release,Key: w
1714304658699,Keyboard,Press,Key: e
1714304658783,Keyboard,Release,Key: e
1714304659337,Keyboard,Press,Key: w
1714304663385,Keyboard,Release,Key: w
1714304664106,Keyboard,Press,Key: w
1714304664735,Keyboard,Release,Key: w
1714304664853,Keyboard,Press,Key: e
1714304664961,Keyboard,Release,Key: e
1714304665321,Keyboard,Press,Key: w
1714304667827,Keyboard,Release,Key: w
1714304668356,Keyboard,Press,Key: w
1714304668791,Keyboard,Release,Key: w
1714304669184,Keyboard,Press,Key: e
1714304669294,Keyboard,Release,Key: e
1714304669949,Keyboard,Press,Key: space
1714304670031,Keyboard,Release,Key: space
1714304670148,Keyboard,Press,Key: space
1714304670215,Keyboard,Release,Key: space
1714304670617,Keyboard,Press,Key: space
1714304670675,Keyboard,Release,Key: space
1714304670810,Keyboard,Press,Key: space
1714304670843,Keyboard,Release,Key: space
1714304671321,Keyboard,Press,Key: space
1714304671371,Keyboard,Release,Key: space
1714304671706,Keyboard,Press,Key: space
1714304671790,Keyboard,Release,Key: space
1714304672294,Keyboard,Press,Key: space
1714304672360,Keyboard,Release,Key: space
1714304672460,Keyboard,Press,Key: space
1714304672502,Keyboard,Release,Key: space
1714304673468,Keyboard,Press,Key: space
1714304673558,Keyboard,Release,Key: space
1714304673668,Keyboard,Press,Key: space
1714304673726,Keyboard,Release,Key: space
1714304674900,Keyboard,Press,Key: space
1714304674966,Keyboard,Release,Key: space
1714304675076,Keyboard,Press,Key: space
1714304675134,Keyboard,Release,Key: space
1714304675586,Keyboard,Press,Key: space
1714304675661,Keyboard,Release,Key: space
1714304675762,Keyboard,Press,Key: space
1714304675814,Keyboard,Release,Key: space
1714304677220,Keyboard,Press,Key: e
1714304677305,Keyboard,Release,Key: e
1714304677982,Keyboard,Press,Key: space
1714304678066,Keyboard,Release,Key: space
1714304678166,Keyboard,Press,Key: space
1714304678225,Keyboard,Release,Key: space
1714304678342,Keyboard,Press,Key: space
1714304678384,Keyboard,Release,Key: space
1714304678494,Keyboard,Press,Key: space
1714304678544,Keyboard,Release,Key: space
1714304678653,Keyboard,Press,Key: space
1714304678678,Keyboard,Release,Key: space
1714304678871,Keyboard,Press,Key: space
1714304678905,Keyboard,Release,Key: space
1714304679232,Keyboard,Press,Key: space
1714304679274,Keyboard,Release,Key: space
1714304679876,Keyboard,Press,Key: space
1714304679934,Keyboard,Release,Key: space
1714304680043,Keyboard,Press,Key: space
1714304680093,Keyboard,Release,Key: space
1714304680487,Keyboard,Press,Key: space
1714304680537,Keyboard,Release,Key: space
1714304680638,Keyboard,Press,Key: space
1714304680688,Keyboard,Release,Key: space
1714304681208,Keyboard,Press,Key: space
1714304681243,Keyboard,Release,Key: space
1714304681350,Keyboard,Press,Key: space
1714304681401,Keyboard,Release,Key: space
1714304681786,Keyboard,Press,Key: space
1714304681870,Keyboard,Release,Key: space
1714304681979,Keyboard,Press,Key: space
1714304682037,Keyboard,Release,Key: space
1714304682481,Keyboard,Press,Key: space
1714304682533,Keyboard,Release,Key: space
1714304682634,Keyboard,Press,Key: space
1714304682666,Keyboard,Release,Key: space
1714304683177,Keyboard,Press,Key: space
1714304683228,Keyboard,Release,Key: space
1714304683319,Keyboard,Press,Key: space
1714304683369,Keyboard,Release,Key: space
1714304685766,Keyboard,Press,Key: space
1714304685876,Keyboard,Release,Key: space
1714304685935,Keyboard,Press,Key: space
1714304686009,Keyboard,Release,Key: space
1714304686545,Keyboard,Press,Key: w
1714304687006,Keyboard,Release,Key: w
1714304687835,Keyboard,Press,Key: w
1714304695119,Keyboard,Release,Key: w
1714304695303,Keyboard,Press,Key: w
1714304695814,Keyboard,Press,Key: space
1714304695889,Keyboard,Release,Key: space
1714304695974,Keyboard,Press,Key: space
1714304696032,Keyboard,Release,Key: space
1714304699149,Keyboard,Release,Key: w
1714304699249,Keyboard,Press,Key: s
1714304699268,Keyboard,Press,Key: space
1714304699385,Keyboard,Release,Key: space
1714304699476,Keyboard,Press,Key: space
1714304699568,Keyboard,Release,Key: space
1714304699628,Keyboard,Release,Key: s
1714304700390,Keyboard,Press,Key: q
1714304700523,Keyboard,Release,Key: q
1714304700684,Keyboard,Press,Key: w
1714304702661,Keyboard,Release,Key: w
1714304703423,Keyboard,Press,Key: s
1714304704236,Keyboard,Press,Key: a
1714304704831,Keyboard,Release,Key: s
1714304705695,Keyboard,Press,Key: w
1714304705837,Keyboard,Release,Key: a
1714304708049,Keyboard,Release,Key: w
1714304708149,Keyboard,Press,Key: s
1714304708182,Keyboard,Press,Key: space
1714304708292,Keyboard,Release,Key: space
1714304708377,Keyboard,Press,Key: space
1714304708476,Keyboard,Release,Key: space
1714304708551,Keyboard,Press,Key: space
1714304708627,Keyboard,Release,Key: space
1714304708727,Keyboard,Release,Key: s
1714304709382,Keyboard,Press,Key: q
1714304709482,Keyboard,Release,Key: q
1714304709776,Keyboard,Press,Key: w
1714304710563,Keyboard,Press,Key: a
1714304711166,Keyboard,Press,Key: space
1714304711250,Keyboard,Release,Key: space
1714304711317,Keyboard,Press,Key: space
1714304711393,Keyboard,Release,Key: space
1714304711535,Keyboard,Release,Key: a
1714304714460,Keyboard,Release,Key: w
1714304714669,Keyboard,Press,Key: s
1714304714703,Keyboard,Press,Key: space
1714304714820,Keyboard,Release,Key: space
1714304714904,Keyboard,Press,Key: space
1714304714987,Keyboard,Release,Key: space
1714304715189,Keyboard,Release,Key: s
1714304715314,Keyboard,Press,Key: s
1714304716279,Keyboard,Press,Key: space
1714304716395,Keyboard,Release,Key: space
1714304716472,Keyboard,Press,Key: space
1714304716539,Keyboard,Release,Key: space
1714304716672,Keyboard,Release,Key: s
1714304717560,Keyboard,Press,Key: w
1714304718114,Keyboard,Press,Key: a
1714304719370,Keyboard,Release,Key: a
1714304719613,Keyboard,Press,Key: a
1714304722236,Keyboard,Release,Key: a
1714304722338,Keyboard,Release,Key: w
1714304723225,Keyboard,Press,Key: w
1714304723594,Keyboard,Press,Key: d
1714304724039,Keyboard,Release,Key: w
1714304724391,Keyboard,Press,Key: w
1714304727107,Keyboard,Release,Key: d
1714304727509,Keyboard,Release,Key: w
1714304727985,Keyboard,Press,Key: w
1714304729076,Keyboard,Release,Key: w
1714304729762,Keyboard,Press,Key: tab
1714304732451,Keyboard,Release,Key: tab
1714304732727,Keyboard,Press,Key: w
1714304733280,Keyboard,Release,Key: w
1714304733490,Keyboard,Press,Key: q
1714304733582,Keyboard,Release,Key: q
1714304736087,Keyboard,Press,Key: w
1714304736874,Keyboard,Release,Key: w
1714304737369,Keyboard,Press,Key: e
1714304737478,Keyboard,Release,Key: e
1714304738266,Keyboard,Press,Key: e
1714304738381,Keyboard,Release,Key: e
1714304738925,Keyboard,Press,Key: tab
1714304740223,Keyboard,Release,Key: tab
1714304744144,Keyboard,Press,Key: w
1714304745635,Keyboard,Press,Key: d
1714304745820,Keyboard,Release,Key: d
1714304746775,Keyboard,Release,Key: w
1714304747563,Keyboard,Press,Key: w
1714304749390,Keyboard,Release,Key: w
1714304752649,Keyboard,Press,Key: s
1714304754100,Keyboard,Press,Key: d
1714304754242,Keyboard,Release,Key: d
1714304755356,Keyboard,Press,Key: d
1714304755634,Keyboard,Release,Key: d
1714304757108,Keyboard,Release,Key: s
1714304757158,Keyboard,Press,Key: a
1714304757227,Keyboard,Release,Key: a
1714304757275,Keyboard,Press,Key: w
1714304769130,Keyboard,Release,Key: w
1714304769383,Keyboard,Press,Key: w
1714304771091,Keyboard,Press,Key: q
1714304771216,Keyboard,Release,Key: q
1714304771771,Keyboard,Press,Key: shift
1714304772298,Keyboard,Release,Key: shift
1714304772313,Keyboard,Press,Key: space
1714304772405,Keyboard,Release,Key: space
1714304772456,Keyboard,Press,Key: space
1714304772556,Keyboard,Release,Key: space
1714304775363,Keyboard,Press,Key: space
1714304775455,Keyboard,Release,Key: space
1714304775514,Keyboard,Press,Key: space
1714304775607,Keyboard,Release,Key: space
1714304775958,Keyboard,Press,Key: space
1714304776027,Keyboard,Release,Key: space
1714304777726,Keyboard,Press,Key: a
1714304777779,Keyboard,Release,Key: a
1714304777919,Keyboard,Press,Key: a
1714304778162,Keyboard,Release,Key: a
1714304778497,Keyboard,Press,Key: space
1714304778590,Keyboard,Release,Key: space
1714304778657,Keyboard,Press,Key: space
1714304778757,Keyboard,Release,Key: space
1714304780677,Keyboard,Release,Key: w
1714304780811,Keyboard,Press,Key: s
1714304780845,Keyboard,Press,Key: space
1714304780946,Keyboard,Release,Key: s
1714304780947,Keyboard,Release,Key: space
1714304780970,Keyboard,Press,Key: s
1714304781012,Keyboard,Press,Key: space
1714304781096,Keyboard,Release,Key: space
1714304781155,Keyboard,Release,Key: s
1714304782102,Keyboard,Press,Key: q
1714304782220,Keyboard,Release,Key: q
1714304783218,Keyboard,Press,Key: w
1714304783233,Keyboard,Press,Key: space
1714304783276,Keyboard,Press,Key: d
1714304783369,Keyboard,Release,Key: space
1714304783477,Keyboard,Press,Key: space
1714304783510,Keyboard,Release,Key: space
1714304783519,Keyboard,Release,Key: d
1714304786235,Keyboard,Press,Key: space
1714304786351,Keyboard,Release,Key: space
1714304786417,Keyboard,Press,Key: space
1714304786501,Keyboard,Release,Key: space
1714304788881,Keyboard,Release,Key: w
1714304789694,Keyboard,Press,Key: w
1714304791966,Keyboard,Press,Key: d
1714304792349,Keyboard,Press,Key: q
1714304792441,Keyboard,Release,Key: q
1714304792844,Keyboard,Release,Key: d
1714304792879,Keyboard,Press,Key: d
1714304793606,Keyboard,Press,Key: space
1714304793775,Keyboard,Release,Key: space
1714304794335,Keyboard,Release,Key: d
1714304795516,Keyboard,Release,Key: w
1714304796723,Keyboard,Press,Key: w
1714304798968,Keyboard,Release,Key: w
1714304799664,Keyboard,Press,Key: w
1714304803325,Keyboard,Press,Key: shift
1714304805378,Keyboard,Release,Key: shift
1714304806652,Keyboard,Press,Key: d
1714304806986,Keyboard,Release,Key: d
1714304818668,Keyboard,Release,Key: w
1714304818799,Keyboard,Press,Key: w
1714304820535,Keyboard,Press,Key: a
1714304820853,Keyboard,Release,Key: a
1714304821196,Keyboard,Press,Key: a
1714304821221,Keyboard,Release,Key: w
1714304821623,Keyboard,Press,Key: w
1714304821849,Keyboard,Release,Key: a
1714304822034,Keyboard,Release,Key: w
1714304826985,Keyboard,Press,Key: w
1714304831668,Keyboard,Release,Key: w
1714304831752,Keyboard,Press,Key: w
1714304833587,Keyboard,Press,Key: d
1714304834349,Keyboard,Release,Key: d
1714304834593,Keyboard,Press,Key: shift
1714304838153,Keyboard,Release,Key: A
1714304838253,Keyboard,Release,Key: shift
1714304838613,Keyboard,Release,Key: w
1714304842366,Keyboard,Press,Key: w
1714304843715,Keyboard,Release,Key: w
1714304845775,Keyboard,Press,Key: d
1714304846545,Keyboard,Press,Key: w
1714304846863,Keyboard,Release,Key: d
1714304847718,Keyboard,Press,Key: d
1714304848413,Keyboard,Release,Key: d
1714304848908,Keyboard,Press,Key: d
1714304850635,Keyboard,Release,Key: d
1714304855507,Keyboard,Release,Key: w
1714304856387,Keyboard,Press,Key: d
1714304856412,Keyboard,Press,Key: w
1714304857334,Keyboard,Release,Key: d
1714304860527,Keyboard,Press,Key: a
1714304860552,Keyboard,Release,Key: a
1714304864373,Keyboard,Press,Key: tab
1714304864383,Keyboard,Release,Key: w
1714304865588,Keyboard,Release,Key: tab
1714304865722,Keyboard,Press,Key: w
1714304870592,Keyboard,Press,Key: a
1714304870800,Keyboard,Release,Key: a
1714304871470,Keyboard,Press,Key: a
1714304871672,Keyboard,Release,Key: w
1714304871756,Keyboard,Release,Key: a
1714304871882,Keyboard,Press,Key: a
1714304872786,Keyboard,Release,Key: a
1714304876248,Keyboard,Press,Key: w
1714304876843,Keyboard,Press,Key: shift
1714304877924,Keyboard,Press,Key: A
1714304878284,Keyboard,Release,Key: A
1714304878411,Keyboard,Release,Key: shift
1714304881795,Keyboard,Release,Key: w
1714304882415,Keyboard,Press,Key: w
1714304884543,Keyboard,Release,Key: w
1714304884786,Keyboard,Press,Key: q
1714304884903,Keyboard,Release,Key: q
1714304885163,Keyboard,Press,Key: w
1714304886545,Keyboard,Press,Key: d
1714304886956,Keyboard,Press,Key: space
1714304887057,Keyboard,Release,Key: space
1714304887148,Keyboard,Press,Key: space
1714304887216,Keyboard,Release,Key: space
1714304887646,Keyboard,Release,Key: d
1714304888137,Keyboard,Press,Key: space
1714304888230,Keyboard,Release,Key: space
1714304888313,Keyboard,Press,Key: space
1714304888405,Keyboard,Release,Key: space
1714304891153,Keyboard,Release,Key: w
1714304892176,Keyboard,Press,Key: a
1714304892184,Keyboard,Press,Key: w
1714304892410,Keyboard,Press,Key: space
1714304892520,Keyboard,Release,Key: space
1714304892570,Keyboard,Press,Key: space
1714304892670,Keyboard,Release,Key: space
1714304893098,Keyboard,Release,Key: a
1714304893986,Keyboard,Press,Key: d
1714304894162,Keyboard,Press,Key: space
1714304894279,Keyboard,Release,Key: space
1714304894289,Keyboard,Release,Key: w
1714304894338,Keyboard,Press,Key: space
1714304894455,Keyboard,Release,Key: space
1714304894480,Keyboard,Press,Key: space
1714304894581,Keyboard,Release,Key: space
1714304894631,Keyboard,Press,Key: space
1714304894698,Keyboard,Release,Key: space
1714304894774,Keyboard,Press,Key: space
1714304894841,Keyboard,Release,Key: space
1714304894908,Keyboard,Press,Key: space
1714304894985,Keyboard,Release,Key: space
1714304895050,Keyboard,Press,Key: space
1714304895126,Keyboard,Release,Key: space
1714304895203,Keyboard,Press,Key: space
1714304895235,Keyboard,Release,Key: space
1714304895327,Keyboard,Press,Key: space
1714304895369,Keyboard,Release,Key: space
1714304895461,Keyboard,Press,Key: space
1714304895545,Keyboard,Release,Key: space
1714304895612,Keyboard,Press,Key: space
1714304895645,Keyboard,Release,Key: space
1714304895729,Keyboard,Press,Key: q
1714304895821,Keyboard,Release,Key: q
1714304895922,Keyboard,Press,Key: space
1714304896198,Keyboard,Release,Key: space
1714304896424,Keyboard,Release,Key: d
1714304896709,Keyboard,Press,Key: q
1714304896818,Keyboard,Release,Key: q
1714304897103,Keyboard,Press,Key: w
1714304897231,Keyboard,Press,Key: d
1714304897390,Keyboard,Press,Key: space
1714304897497,Keyboard,Release,Key: space
1714304897549,Keyboard,Press,Key: space
1714304897665,Keyboard,Release,Key: space
1714304898318,Keyboard,Press,Key: space
1714304898394,Keyboard,Release,Key: space
1714304898486,Keyboard,Press,Key: space
1714304898570,Keyboard,Release,Key: space
1714304898621,Keyboard,Press,Key: space
1714304898653,Keyboard,Release,Key: d
1714304898788,Keyboard,Release,Key: space
1714304898863,Keyboard,Press,Key: space
1714304898930,Keyboard,Release,Key: space
1714304901779,Keyboard,Press,Key: a
1714304901854,Keyboard,Press,Key: space
1714304901947,Keyboard,Release,Key: space
1714304902005,Keyboard,Press,Key: space
1714304902098,Keyboard,Release,Key: space
1714304902165,Keyboard,Press,Key: space
1714304902199,Keyboard,Release,Key: space
1714304902684,Keyboard,Release,Key: a
1714304902986,Keyboard,Press,Key: shift
1714304903463,Keyboard,Release,Key: shift
1714304905114,Keyboard,Press,Key: d
1714304905600,Keyboard,Release,Key: w
1714304905601,Keyboard,Press,Key: space
1714304905835,Keyboard,Release,Key: space
1714304905902,Keyboard,Press,Key: space
1714304905994,Keyboard,Release,Key: space
1714304906505,Keyboard,Press,Key: space
1714304906622,Keyboard,Release,Key: space
1714304906681,Keyboard,Press,Key: space
1714304906773,Keyboard,Release,Key: space
1714304906815,Keyboard,Press,Key: space
1714304906891,Keyboard,Release,Key: space
1714304907468,Keyboard,Release,Key: d
1714304908659,Keyboard,Press,Key: q
1714304908743,Keyboard,Release,Key: q
1714304909070,Keyboard,Press,Key: q
1714304909146,Keyboard,Release,Key: q
1714304909430,Keyboard,Press,Key: d
1714304909547,Keyboard,Press,Key: space
1714304909572,Keyboard,Press,Key: w
1714304909656,Keyboard,Release,Key: space
1714304909682,Keyboard,Release,Key: w
1714304909725,Keyboard,Press,Key: space
1714304909816,Keyboard,Press,Key: w
1714304909824,Keyboard,Release,Key: space
1714304909849,Keyboard,Release,Key: w
1714304910479,Keyboard,Release,Key: d
1714304910480,Keyboard,Press,Key: w
1714304910788,Keyboard,Press,Key: shift
1714304911182,Keyboard,Release,Key: shift
1714304914302,Keyboard,Press,Key: a
1714304914342,Keyboard,Press,Key: space
1714304914450,Keyboard,Release,Key: space
1714304914509,Keyboard,Press,Key: space
1714304914585,Keyboard,Release,Key: space
1714304914912,Keyboard,Release,Key: a
1714304919397,Keyboard,Release,Key: w
1714304921507,Keyboard,Press,Key: w
1714304922245,Keyboard,Release,Key: w
1714304923654,Keyboard,Press,Key: w
1714304923896,Keyboard,Release,Key: w
1714304924097,Keyboard,Press,Key: e
1714304924215,Keyboard,Release,Key: e
1714304924399,Keyboard,Press,Key: e
1714304924475,Keyboard,Release,Key: e
1714304925045,Keyboard,Press,Key: w
1714304925078,Keyboard,Release,Key: w
1714304925162,Keyboard,Press,Key: w
1714304925413,Keyboard,Release,Key: w
1714304925891,Keyboard,Press,Key: w
1714304926160,Keyboard,Release,Key: w
1714304927014,Keyboard,Press,Key: e
1714304927064,Keyboard,Press,Key: w
1714304927081,Keyboard,Release,Key: e
1714304927324,Keyboard,Release,Key: w
1714304927753,Keyboard,Press,Key: e
1714304927862,Keyboard,Release,Key: e
1714304927920,Keyboard,Press,Key: e
1714304928013,Keyboard,Release,Key: e
1714304928263,Keyboard,Press,Key: w
1714304928598,Keyboard,Release,Key: w
1714304928682,Keyboard,Press,Key: e
1714304928767,Keyboard,Release,Key: e
1714304928850,Keyboard,Press,Key: e
1714304928916,Keyboard,Release,Key: e
1714304929001,Keyboard,Press,Key: e
1714304929068,Keyboard,Release,Key: e
1714304929135,Keyboard,Press,Key: e
1714304929210,Keyboard,Release,Key: e
1714304929285,Keyboard,Press,Key: e
1714304929353,Keyboard,Release,Key: e
1714304929813,Keyboard,Press,Key: w
1714304930317,Keyboard,Press,Key: shift
1714304932144,Keyboard,Press,Key: A
1714304932336,Keyboard,Release,Key: A
1714304932621,Keyboard,Release,Key: shift
1714304932966,Keyboard,Release,Key: w
1714304933745,Keyboard,Press,Key: e
1714304933846,Keyboard,Release,Key: e
1714304938766,Keyboard,Press,Key: w
1714304938959,Keyboard,Press,Key: d
1714304939614,Keyboard,Release,Key: w
1714304939831,Keyboard,Release,Key: d
1714304940678,Keyboard,Press,Key: w
1714304941474,Keyboard,Release,Key: w
1714304942614,Keyboard,Press,Key: w
1714304943477,Keyboard,Press,Key: d
1714304943787,Keyboard,Release,Key: d
1714304944224,Keyboard,Press,Key: shift
1714304944929,Keyboard,Release,Key: D
1714304949831,Keyboard,Press,Key: D
1714304949948,Keyboard,Release,Key: D
1714304951063,Keyboard,Release,Key: shift
1714304954048,Keyboard,Press,Key: a
1714304954382,Keyboard,Release,Key: a
1714304954792,Keyboard,Release,Key: w
1714304956184,Keyboard,Press,Key: w
1714304957901,Keyboard,Release,Key: w
1714304958146,Keyboard,Press,Key: w
1714304958236,Keyboard,Press,Key: space
1714304958337,Keyboard,Release,Key: space
1714304958406,Keyboard,Press,Key: space
1714304958505,Keyboard,Release,Key: space
1714304962603,Keyboard,Press,Key: a
1714304962711,Keyboard,Release,Key: a
1714304962945,Keyboard,Press,Key: space
1714304963046,Keyboard,Release,Key: space
1714304963096,Keyboard,Press,Key: space
1714304963163,Keyboard,Release,Key: space
1714304967280,Keyboard,Press,Key: space
1714304967353,Keyboard,Release,Key: space
1714304967429,Keyboard,Press,Key: space
1714304967513,Keyboard,Release,Key: space
1714304970596,Keyboard,Press,Key: space
1714304970697,Keyboard,Release,Key: space
1714304970756,Keyboard,Press,Key: space
1714304970856,Keyboard,Release,Key: space
1714304971560,Keyboard,Release,Key: w
1714304971929,Keyboard,Press,Key: s
1714304972323,Keyboard,Press,Key: a
1714304973253,Keyboard,Press,Key: space
1714304973345,Keyboard,Release,Key: space
1714304973554,Keyboard,Release,Key: s
1714304973707,Keyboard,Release,Key: a
1714304973713,Keyboard,Press,Key: w
1714304979547,Keyboard,Release,Key: w
1714304981114,Keyboard,Press,Key: q
1714304981206,Keyboard,Release,Key: q
1714304981600,Keyboard,Press,Key: r
1714304981692,Keyboard,Release,Key: r
1714304982136,Keyboard,Press,Key: w
1714304988563,Keyboard,Release,Key: w
1714304989141,Keyboard,Press,Key: m
1714304989183,Keyboard,Release,Key: m
1714304992392,Keyboard,Press,Key: esc
1714304992452,Keyboard,Release,Key: esc
1714304993625,Keyboard,Press,Key: esc
1714304993690,Keyboard,Release,Key: esc
1714304994168,Keyboard,Press,Key: w
1714304996395,Keyboard,Release,Key: w
1714305001348,Keyboard,Press,Key: esc
1714305001441,Keyboard,Release,Key: esc
1714305017560,Keyboard,Press,Key: alt
1714305017702,Keyboard,Press,Key: z
1714305017886,Keyboard,Release,Key: z
1714305017913,Keyboard,Release,Key: alt
1714305036094,Keyboard,Press,Key: ctrl
1714305036840,Keyboard,Press,Key: c
